{
  "budget": 40,
  "n_seeds": 20,
  "final_error_median": {
    "A": 0.027260740257461002,
    "B": 0.05554515915808142,
    "C": 0.053948234510112214
  },
  "final_error_iqr": {
    "A": [
      0.015012244899481247,
      0.04365188833969196
    ],
    "B": [
      0.024474417821882574,
      0.08059640558239674
    ],
    "C": [
      0.03797939540726891,
      0.1213652003457435
    ]
  },
  "A_better_than_C_count": 15,
  "vital_A_beats_C": true,
  "mean_curve": {
    "A": [
      0.3986118060332977,
      0.6729698170108505,
      0.1477526968996373,
      0.13315046063879957,
      0.11127145706357604,
      0.1003530905875341,
      0.0978354668352637,
      0.08412513177330327,
      0.06999879589616541,
      0.07078771567604883,
      0.06769832009548805,
      0.06871897198289688,
      0.06354335551258068,
      0.06373031714357934,
      0.07217885253114553,
      0.07568457815997628,
      0.06876964290067869,
      0.05472371537660435,
      0.05516991227536124,
      0.052271793437364975,
      0.052415060532229094,
      0.04851758798551996,
      0.05076066993423654,
      0.04830172003179456,
      0.04433759444409073,
      0.04036620851595067,
      0.03537628900130063,
      0.03557828583504772,
      0.03716457701655666,
      0.035064502656481464,
      0.036587069052533436,
      0.03587606320184513,
      0.03331527140241059,
      0.03198807287781008,
      0.03552224755075969,
      0.03362907559050872,
      0.034451055261777386,
      0.02910857216457615,
      0.03023168830902877,
      0.031423014104866434
    ],
    "B": [
      0.3986118060332977,
      0.6729698170108505,
      0.29588194350336594,
      0.2722879009786999,
      0.25202516023216914,
      0.22476577211740234,
      0.16123409491990418,
      0.14873627853691876,
      0.15135419212628687,
      0.13265118552606803,
      0.13177428533636043,
      0.13353200557948552,
      0.12842242324430825,
      0.1201536607780788,
      0.11685916590437226,
      0.11844014290348807,
      0.12023130226380876,
      0.1124665807584474,
      0.10344313667593463,
      0.10039492730222532,
      0.10066826409849436,
      0.09343276345112046,
      0.09518832294657228,
      0.09344056074782839,
      0.09262517515222304,
      0.0833977579960942,
      0.06749160001810514,
      0.06962091309577675,
      0.06754387132620476,
      0.0733123094356952,
      0.06865876963478205,
      0.06319847186443502,
      0.06150694951261613,
      0.05889273156885346,
      0.0657791466774044,
      0.06688735424116321,
      0.06749341322970762,
      0.0633466790418746,
      0.06005006207738389,
      0.0591865895883638
    ],
    "C": [
      0.3986118060332977,
      0.6729698170108505,
      0.3407951186232945,
      0.26594256395247806,
      0.24113293493905422,
      0.18379266416799928,
      0.14815315830937276,
      0.15023861583245393,
      0.16092696478675894,
      0.15243653845069616,
      0.15475343546910425,
      0.13479604212166046,
      0.13164666714656065,
      0.12550487126562884,
      0.11997398926958772,
      0.12202216887759867,
      0.11288562828668014,
      0.10999678955183682,
      0.1093470243435389,
      0.10750971764710662,
      0.10515692427596517,
      0.09646810848569422,
      0.09517990591184829,
      0.0934908784224415,
      0.09118610578266273,
      0.08796452157257244,
      0.08478819414834045,
      0.08187612679917962,
      0.07771398139139739,
      0.07476711732105112,
      0.07058369651569818,
      0.0758798526058286,
      0.07432154765358234,
      0.07656480708829456,
      0.08255057944817576,
      0.08491939149742408,
      0.080047325212772,
      0.07683379855349355,
      0.07483987006175384,
      0.07761515342580845
    ]
  },
  "sign_test_p_one_sided": 0.020694732666015625
}