{
  "n_scms": 300,
  "max_abs_diff": 5.000000000143778e-07,
  "per_k_max": {
    "1": 1.1102230246251565e-16,
    "2": 5.000000000143778e-07,
    "3": 4.619999999788682e-07,
    "4": 4.953599999080183e-07,
    "5": 4.952760001009082e-07,
    "6": 4.775490239916635e-07
  },
  "worst": {
    "k": 2,
    "i": 11,
    "pgmpy": 0.4457195,
    "engine": 0.44572
  },
  "oracle": "pgmpy 1.1.2",
  "verdict": "PASS \u2014 engine truths independently confirmed by pgmpy to <1e-6"
}