{
  "n_instances": 5400,
  "tau_median": 0.39978736366937506,
  "delta_min_frozen": 0.39978736366937506,
  "tau_quantiles": {
    "0.1": 0.025636847915113045,
    "0.25": 0.18460549925460112,
    "0.5": 0.39978736366937506,
    "0.75": 0.6193722403269759,
    "0.9": 0.7716647534640464
  },
  "floor_applied": false
}