{
  "n_instances": 8,
  "tau_median": 0.1626336213837573,
  "delta_min_frozen": 0.1626336213837573,
  "tau_quantiles": {
    "0.1": 0.10186703697069993,
    "0.25": 0.1276111102041036,
    "0.5": 0.1626336213837573,
    "0.75": 0.21895712345862128,
    "0.9": 0.29832811714634877
  },
  "floor_applied": false
}